,Equipe,Pos,Pts,SG,TamanhoElenco,IdadeElenco,JogadoresEstrangeiros,Valor,ValorMedio,ValorRelativo,Escudo,Link
0,São Paulo - 2008,1,75,30,41,24.2,1,54150000.0,1320000.0,0.2982320867984799,https://tmssl.akamaized.net//images/wappen/tiny/585.png?lm=1409133922,https://www.transfermarkt.com/fc-sao-paulo/startseite/verein/585/saison_id/2007
1,Palmeiras - 2008,4,65,10,28,23.4,1,23600000.0,843000.0,0.12997741917717684,https://tmssl.akamaized.net//images/wappen/tiny/1023.png?lm=1411204983,https://www.transfermarkt.com/se-palmeiras-sao-paulo/startseite/verein/1023/saison_id/2007
2,Flamengo - 2008,5,64,20,30,23.5,1,18500000.0,617000.0,0.10188907859227846,https://tmssl.akamaized.net//images/wappen/tiny/614.png?lm=1411205036,https://www.transfermarkt.com/flamengo-rio-de-janeiro/startseite/verein/614/saison_id/2007
3,Internacional - 2008,6,54,1,34,23.3,4,18000000.0,529000.0,0.09913531971140607,https://tmssl.akamaized.net//images/wappen/tiny/6600.png?lm=1412878908,https://www.transfermarkt.com/sc-internacional-porto-alegre/startseite/verein/6600/saison_id/2007
4,Grêmio - 2008,2,72,24,34,22.7,1,11900000.0,350000.0,0.06553946136476291,https://tmssl.akamaized.net//images/wappen/tiny/210.png?lm=1412879265,https://www.transfermarkt.com/gremio-foot-ball-porto-alegrense/startseite/verein/210/saison_id/2007
5,Fluminense - 2008,14,45,1,35,23.2,1,8700000.0,249000.0,0.0479154045271796,https://tmssl.akamaized.net//images/wappen/tiny/2462.png?lm=1412879201,https://www.transfermarkt.com/fluminense-football-club/startseite/verein/2462/saison_id/2007
6,Portuguesa - 2008,19,38,-22,33,24.8,1,6150000.0,186000.0,0.03387123423473041,https://tmssl.akamaized.net//images/wappen/tiny/10247.png?lm=1499200306,https://www.transfermarkt.com/portuguesa-sao-paulo/startseite/verein/10247/saison_id/2007
7,Santos FC - 2008,15,45,-9,29,22.4,3,6050000.0,209000.0,0.03332048245855593,https://tmssl.akamaized.net//images/wappen/tiny/221.png?lm=1412879099,https://www.transfermarkt.com/fc-santos/startseite/verein/221/saison_id/2007
8,Atlético-MG - 2008,12,48,-10,42,23.4,4,5540000.0,132000.0,0.03051164840006609,https://tmssl.akamaized.net//images/wappen/tiny/330.png?lm=1411033853,https://www.transfermarkt.com/atletico-mineiro/startseite/verein/330/saison_id/2007
9,Cruzeiro - 2008,3,67,15,25,23.1,1,4950000.0,198000.0,0.02726221292063667,https://tmssl.akamaized.net//images/wappen/tiny/609.png?lm=1412879140,https://www.transfermarkt.com/ec-cruzeiro-belo-horizonte/startseite/verein/609/saison_id/2007
10,Náutico - 2008,16,44,-10,29,24.3,0,4800000.0,166000.0,0.02643608525637495,https://tmssl.akamaized.net//images/wappen/tiny/2646.png?lm=1429043382,https://www.transfermarkt.com/clube-nautico-capibaribe/startseite/verein/2646/saison_id/2007
11,Botafogo - 2008,7,53,7,24,26.4,0,3600000.0,150000.0,0.019827063942281214,https://tmssl.akamaized.net//images/wappen/tiny/537.png?lm=1412879333,https://www.transfermarkt.com/botafogo-fr-rio-de-janeiro/startseite/verein/537/saison_id/2007
12,Vasco da Gama - 2008,18,40,-16,25,25.0,2,3400000.0,136000.0,0.01872556038993226,https://tmssl.akamaized.net//images/wappen/tiny/978.png?lm=1465643911,https://www.transfermarkt.com/vasco-da-gama-rio-de-janeiro/startseite/verein/978/saison_id/2007
13,Figueirense FC - 2008,17,44,-24,24,23.4,1,2450000.0,102000.0,0.013493418516274716,https://tmssl.akamaized.net//images/wappen/tiny/4064.png?lm=1412879618,https://www.transfermarkt.com/figueirense-futebol-clube/startseite/verein/4064/saison_id/2007
14,Atlético-PR - 2008,13,45,-9,25,23.2,3,2400000.0,96000.0,0.013218042628187475,https://tmssl.akamaized.net//images/wappen/tiny/679.png?lm=1412879577,https://www.transfermarkt.com/clube-atletico-paranaense/startseite/verein/679/saison_id/2007
15,Coritiba FC - 2008,9,53,7,35,23.5,1,2250000.0,64000.0,0.012391914963925759,https://tmssl.akamaized.net//images/wappen/tiny/776.png?lm=1412879464,https://www.transfermarkt.com/coritiba-fc/startseite/verein/776/saison_id/2007
16,Sport Recife - 2008,11,52,3,33,25.3,0,1550000.0,47000.0,0.008536652530704411,https://tmssl.akamaized.net//images/wappen/tiny/8718.png?lm=1412879537,https://www.transfermarkt.com/sport-club-do-recife/startseite/verein/8718/saison_id/2007
17,Goiás EC - 2008,8,53,10,25,24.9,0,1500000.0,60000.0,0.008261276642617173,https://tmssl.akamaized.net//images/wappen/tiny/3197.png?lm=1412879713,https://www.transfermarkt.com/goias-esporte-clube/startseite/verein/3197/saison_id/2007
18,Ipatinga FC - 2008,20,35,-30,35,23.7,0,1080000.0,31000.0,0.005948119182684364,https://tmssl.akamaized.net//images/wappen/tiny/3270.png?lm=1463474815,https://www.transfermarkt.com/betim-esporte-clube/startseite/verein/3270/saison_id/2007
19,EC Vitória - 2008,10,52,4,33,24.2,1,1000000.0,30000.0,0.005507517761744782,https://tmssl.akamaized.net//images/wappen/tiny/2125.png?lm=1412879373,https://www.transfermarkt.com/esporte-clube-vitoria/startseite/verein/2125/saison_id/2007
20,Flamengo - 2009,1,67,14,35,23.3,4,50400000.0,1440000.0,0.10457299360942816,https://tmssl.akamaized.net//images/wappen/tiny/614.png?lm=1411205036,https://www.transfermarkt.com/flamengo-rio-de-janeiro/startseite/verein/614/saison_id/2008
21,Fluminense - 2009,16,46,-7,36,22.3,1,49050000.0,1360000.0,0.1017719312806042,https://tmssl.akamaized.net//images/wappen/tiny/2462.png?lm=1412879201,https://www.transfermarkt.com/fluminense-football-club/startseite/verein/2462/saison_id/2008
22,São Paulo - 2009,3,65,15,30,23.9,1,46650000.0,1560000.0,0.09679226491825048,https://tmssl.akamaized.net//images/wappen/tiny/585.png?lm=1409133922,https://www.transfermarkt.com/fc-sao-paulo/startseite/verein/585/saison_id/2008
23,Corinthians - 2009,10,52,-4,33,22.8,1,43080000.0,1310000.0,0.08938501120424931,https://tmssl.akamaized.net//images/wappen/tiny/199.png?lm=1408636801,https://www.transfermarkt.com/corinthians-sao-paulo/startseite/verein/199/saison_id/2008
24,Cruzeiro - 2009,4,62,5,28,24.5,1,42900000.0,1530000.0,0.08901153622707278,https://tmssl.akamaized.net//images/wappen/tiny/609.png?lm=1412879140,https://www.transfermarkt.com/ec-cruzeiro-belo-horizonte/startseite/verein/609/saison_id/2008
25,Palmeiras - 2009,5,62,13,34,23.0,2,30550000.0,899000.0,0.06338700307079426,https://tmssl.akamaized.net//images/wappen/tiny/1023.png?lm=1411204983,https://www.transfermarkt.com/se-palmeiras-sao-paulo/startseite/verein/1023/saison_id/2008
26,Internacional - 2009,2,65,21,31,24.5,4,29200000.0,942000.0,0.06058594074197029,https://tmssl.akamaized.net//images/wappen/tiny/6600.png?lm=1412878908,https://www.transfermarkt.com/sc-internacional-porto-alegre/startseite/verein/6600/saison_id/2008
27,Grêmio - 2009,8,55,21,34,23.3,4,28700000.0,844000.0,0.05954851024981326,https://tmssl.akamaized.net//images/wappen/tiny/210.png?lm=1412879265,https://www.transfermarkt.com/gremio-foot-ball-porto-alegrense/startseite/verein/210/saison_id/2008
28,Santos FC - 2009,12,49,0,33,23.9,1,27850000.0,844000.0,0.05778487841314632,https://tmssl.akamaized.net//images/wappen/tiny/221.png?lm=1412879099,https://www.transfermarkt.com/fc-santos/startseite/verein/221/saison_id/2008
29,Coritiba FC - 2009,17,45,-12,36,23.1,2,19500000.0,542000.0,0.04045978919412399,https://tmssl.akamaized.net//images/wappen/tiny/776.png?lm=1412879464,https://www.transfermarkt.com/coritiba-fc/startseite/verein/776/saison_id/2008
30,Atlético-MG - 2009,7,56,-1,32,23.3,0,16850000.0,527000.0,0.03496140758569176,https://tmssl.akamaized.net//images/wappen/tiny/330.png?lm=1411033853,https://www.transfermarkt.com/atletico-mineiro/startseite/verein/330/saison_id/2008
31,Sport Recife - 2009,20,31,-23,30,25.0,1,15600000.0,520000.0,0.03236783135529919,https://tmssl.akamaized.net//images/wappen/tiny/8718.png?lm=1412879537,https://www.transfermarkt.com/sport-club-do-recife/startseite/verein/8718/saison_id/2008
32,Náutico - 2009,19,38,-23,33,24.1,2,15250000.0,462000.0,0.031641630010789276,https://tmssl.akamaized.net//images/wappen/tiny/2646.png?lm=1429043382,https://www.transfermarkt.com/clube-nautico-capibaribe/startseite/verein/2646/saison_id/2008
33,Botafogo - 2009,15,47,-6,40,22.6,3,14500000.0,363000.0,0.03008548427255374,https://tmssl.akamaized.net//images/wappen/tiny/537.png?lm=1412879333,https://www.transfermarkt.com/botafogo-fr-rio-de-janeiro/startseite/verein/537/saison_id/2008
34,Atlético-PR - 2009,14,48,-7,35,21.6,3,13800000.0,394000.0,0.028633081583533903,https://tmssl.akamaized.net//images/wappen/tiny/679.png?lm=1412879577,https://www.transfermarkt.com/clube-atletico-paranaense/startseite/verein/679/saison_id/2008
35,EC Vitória - 2009,13,48,-6,38,24.1,2,13450000.0,354000.0,0.027906880239023987,https://tmssl.akamaized.net//images/wappen/tiny/2125.png?lm=1412879373,https://www.transfermarkt.com/esporte-clube-vitoria/startseite/verein/2125/saison_id/2008
36,Goiás EC - 2009,9,55,-1,36,23.7,0,12600000.0,350000.0,0.02614324840235704,https://tmssl.akamaized.net//images/wappen/tiny/3197.png?lm=1412879713,https://www.transfermarkt.com/goias-esporte-clube/startseite/verein/3197/saison_id/2008
37,Santo André - 2009,18,41,-15,43,25.1,2,6230000.0,145000.0,0.012926383932276537,https://tmssl.akamaized.net//images/wappen/tiny/7478.png?lm=1450820536,https://www.transfermarkt.com/esporte-clube-santo-andre-sp-/startseite/verein/7478/saison_id/2008
38,Avaí FC - 2009,6,57,9,36,23.3,0,3450000.0,96000.0,0.007158270395883476,https://tmssl.akamaized.net//images/wappen/tiny/2035.png?lm=1419949249,https://www.transfermarkt.com/avai-futebol-clube-sc-/startseite/verein/2035/saison_id/2008
39,Barueri - 2009,11,49,7,35,24.5,1,2350000.0,67000.0,0.00487592331313802,https://tmssl.akamaized.net//images/wappen/tiny/8698.png?lm=1455960413,https://www.transfermarkt.com/gremio-barueri-futebol-ltda-/startseite/verein/8698/saison_id/2008
40,São Paulo - 2010,9,55,0,31,25.7,2,74200000.0,2390000.0,0.10270606962419544,https://tmssl.akamaized.net//images/wappen/tiny/585.png?lm=1409133922,https://www.transfermarkt.com/fc-sao-paulo/startseite/verein/585/saison_id/2009
41,Flamengo - 2010,14,44,-3,46,23.8,5,72900000.0,1580000.0,0.10090663713751817,https://tmssl.akamaized.net//images/wappen/tiny/614.png?lm=1411205036,https://www.transfermarkt.com/flamengo-rio-de-janeiro/startseite/verein/614/saison_id/2009
42,Internacional - 2010,7,58,7,48,24.5,6,66400000.0,1380000.0,0.09190947470413177,https://tmssl.akamaized.net//images/wappen/tiny/6600.png?lm=1412878908,https://www.transfermarkt.com/sc-internacional-porto-alegre/startseite/verein/6600/saison_id/2009
43,Santos FC - 2010,8,56,13,34,22.8,1,60450000.0,1780000.0,0.08367361063049346,https://tmssl.akamaized.net//images/wappen/tiny/221.png?lm=1412879099,https://www.transfermarkt.com/fc-santos/startseite/verein/221/saison_id/2009
44,Palmeiras - 2010,10,50,-1,35,23.2,2,54300000.0,1550000.0,0.07516091078967403,https://tmssl.akamaized.net//images/wappen/tiny/1023.png?lm=1411204983,https://www.transfermarkt.com/se-palmeiras-sao-paulo/startseite/verein/1023/saison_id/2009
45,Corinthians - 2010,3,68,24,40,24.1,4,52200000.0,1310000.0,0.07225413523427227,https://tmssl.akamaized.net//images/wappen/tiny/199.png?lm=1408636801,https://www.transfermarkt.com/corinthians-sao-paulo/startseite/verein/199/saison_id/2009
46,Atlético-MG - 2010,13,45,-12,54,23.8,5,48350000.0,895000.0,0.06692504671603572,https://tmssl.akamaized.net//images/wappen/tiny/330.png?lm=1411033853,https://www.transfermarkt.com/atletico-mineiro/startseite/verein/330/saison_id/2009
47,Fluminense - 2010,1,71,26,50,23.5,4,42950000.0,859000.0,0.05945048100214548,https://tmssl.akamaized.net//images/wappen/tiny/2462.png?lm=1412879201,https://www.transfermarkt.com/fluminense-football-club/startseite/verein/2462/saison_id/2009
48,Cruzeiro - 2010,2,69,15,34,24.3,1,42200000.0,1240000.0,0.05841234687521628,https://tmssl.akamaized.net//images/wappen/tiny/609.png?lm=1412879140,https://www.transfermarkt.com/ec-cruzeiro-belo-horizonte/startseite/verein/609/saison_id/2009
49,Grêmio - 2010,4,63,25,36,23.1,1,39300000.0,1090000.0,0.05439822825109004,https://tmssl.akamaized.net//images/wappen/tiny/210.png?lm=1412879265,https://www.transfermarkt.com/gremio-foot-ball-porto-alegrense/startseite/verein/210/saison_id/2009
50,Goiás EC - 2010,19,33,-27,47,25.5,0,28250000.0,601000.0,0.039103052114333174,https://tmssl.akamaized.net//images/wappen/tiny/3197.png?lm=1412879713,https://www.transfermarkt.com/goias-esporte-clube/startseite/verein/3197/saison_id/2009
51,Botafogo - 2010,6,59,12,55,23.3,3,27150000.0,494000.0,0.037580455394837016,https://tmssl.akamaized.net//images/wappen/tiny/537.png?lm=1412879333,https://www.transfermarkt.com/botafogo-fr-rio-de-janeiro/startseite/verein/537/saison_id/2009
52,Atlético-PR - 2010,5,60,-2,48,22.8,3,26100000.0,544000.0,0.03612706761713613,https://tmssl.akamaized.net//images/wappen/tiny/679.png?lm=1412879577,https://www.transfermarkt.com/clube-atletico-paranaense/startseite/verein/679/saison_id/2009
53,EC Vitória - 2010,17,42,-6,57,23.5,1,22100000.0,388000.0,0.030590352273513737,https://tmssl.akamaized.net//images/wappen/tiny/2125.png?lm=1412879373,https://www.transfermarkt.com/esporte-clube-vitoria/startseite/verein/2125/saison_id/2009
54,Vasco da Gama - 2010,11,49,-2,36,23.3,1,20800000.0,578000.0,0.02879091978683646,https://tmssl.akamaized.net//images/wappen/tiny/978.png?lm=1465643911,https://www.transfermarkt.com/vasco-da-gama-rio-de-janeiro/startseite/verein/978/saison_id/2009
55,Ceará SC - 2010,12,47,-9,43,25.8,0,10650000.0,248000.0,0.01474150460239463,https://tmssl.akamaized.net//images/wappen/tiny/2029.png?lm=1437429449,https://www.transfermarkt.com/ceara-sporting-club-ce-/startseite/verein/2029/saison_id/2009
56,Avaí FC - 2010,15,43,-9,42,22.7,0,9650000.0,230000.0,0.01335732576648903,https://tmssl.akamaized.net//images/wappen/tiny/2035.png?lm=1419949249,https://www.transfermarkt.com/avai-futebol-clube-sc-/startseite/verein/2035/saison_id/2009
57,Guarani - 2010,18,37,-20,36,24.6,0,8750000.0,243000.0,0.012111564814173992,https://tmssl.akamaized.net//images/wappen/tiny/1755.png?lm=1450819625,https://www.transfermarkt.com/guarani-futebol-clube-sp-/startseite/verein/1755/saison_id/2009
58,Barueri - 2010,20,28,-25,32,23.0,0,7950000.0,248000.0,0.011004221745449513,https://tmssl.akamaized.net//images/wappen/tiny/8698.png?lm=1455960413,https://www.transfermarkt.com/gremio-barueri-futebol-ltda-/startseite/verein/8698/saison_id/2009
59,Atlético-GO - 2010,16,42,-6,36,24.6,0,7800000.0,217000.0,0.010796594920063672,https://tmssl.akamaized.net//images/wappen/tiny/15172.png?lm=1443874060,https://www.transfermarkt.com/atletico-goianiense/startseite/verein/15172/saison_id/2009
60,São Paulo - 2011,6,59,11,51,22.5,3,97450000.0,1910000.0,0.09674857284686027,https://tmssl.akamaized.net//images/wappen/tiny/585.png?lm=1409133922,https://www.transfermarkt.com/fc-sao-paulo/startseite/verein/585/saison_id/2010
61,Santos FC - 2011,10,53,0,66,22.3,4,97450000.0,1480000.0,0.09674857284686027,https://tmssl.akamaized.net//images/wappen/tiny/221.png?lm=1412879099,https://www.transfermarkt.com/fc-santos/startseite/verein/221/saison_id/2010
62,Atlético-MG - 2011,15,45,-10,62,24.3,3,83100000.0,1340000.0,0.0825018615040953,https://tmssl.akamaized.net//images/wappen/tiny/330.png?lm=1411033853,https://www.transfermarkt.com/atletico-mineiro/startseite/verein/330/saison_id/2010
63,Grêmio - 2011,12,48,-8,59,23.7,4,82550000.0,1400000.0,0.08195582030280467,https://tmssl.akamaized.net//images/wappen/tiny/210.png?lm=1412879265,https://www.transfermarkt.com/gremio-foot-ball-porto-alegrense/startseite/verein/210/saison_id/2010
64,Cruzeiro - 2011,16,43,-3,50,23.5,5,75280000.0,1510000.0,0.07473814842392654,https://tmssl.akamaized.net//images/wappen/tiny/609.png?lm=1412879140,https://www.transfermarkt.com/ec-cruzeiro-belo-horizonte/startseite/verein/609/saison_id/2010
65,Internacional - 2011,5,60,14,54,24.0,7,74800000.0,1390000.0,0.07426160337552742,https://tmssl.akamaized.net//images/wappen/tiny/6600.png?lm=1412878908,https://www.transfermarkt.com/sc-internacional-porto-alegre/startseite/verein/6600/saison_id/2010
66,Flamengo - 2011,4,61,12,50,23.2,4,74300000.0,1490000.0,0.07376520228344502,https://tmssl.akamaized.net//images/wappen/tiny/614.png?lm=1411205036,https://www.transfermarkt.com/flamengo-rio-de-janeiro/startseite/verein/614/saison_id/2010
67,Corinthians - 2011,1,71,17,51,23.6,4,69700000.0,1370000.0,0.06919831223628692,https://tmssl.akamaized.net//images/wappen/tiny/199.png?lm=1408636801,https://www.transfermarkt.com/corinthians-sao-paulo/startseite/verein/199/saison_id/2010
68,Fluminense - 2011,3,63,9,51,23.9,6,60650000.0,1190000.0,0.06021345246959543,https://tmssl.akamaized.net//images/wappen/tiny/2462.png?lm=1412879201,https://www.transfermarkt.com/fluminense-football-club/startseite/verein/2462/saison_id/2010
69,Palmeiras - 2011,11,50,4,46,23.6,2,55250000.0,1200000.0,0.05485232067510549,https://tmssl.akamaized.net//images/wappen/tiny/1023.png?lm=1411204983,https://www.transfermarkt.com/se-palmeiras-sao-paulo/startseite/verein/1023/saison_id/2010
70,Vasco da Gama - 2011,2,69,17,52,23.5,2,49980000.0,961000.0,0.04962025316455696,https://tmssl.akamaized.net//images/wappen/tiny/978.png?lm=1465643911,https://www.transfermarkt.com/vasco-da-gama-rio-de-janeiro/startseite/verein/978/saison_id/2010
71,Avaí FC - 2011,20,31,-30,77,24.3,1,33730000.0,438000.0,0.03348721767187888,https://tmssl.akamaized.net//images/wappen/tiny/2035.png?lm=1419949249,https://www.transfermarkt.com/avai-futebol-clube-sc-/startseite/verein/2035/saison_id/2010
72,Botafogo - 2011,9,56,3,35,23.4,3,33100000.0,946000.0,0.03286175229585505,https://tmssl.akamaized.net//images/wappen/tiny/537.png?lm=1412879333,https://www.transfermarkt.com/botafogo-fr-rio-de-janeiro/startseite/verein/537/saison_id/2010
73,Ceará SC - 2011,18,39,-17,50,25.7,0,25000000.0,500000.0,0.02482005460412013,https://tmssl.akamaized.net//images/wappen/tiny/2029.png?lm=1437429449,https://www.transfermarkt.com/ceara-sporting-club-ce-/startseite/verein/2029/saison_id/2010
74,Atlético-PR - 2011,17,41,-17,43,23.4,4,23600000.0,549000.0,0.023430131546289402,https://tmssl.akamaized.net//images/wappen/tiny/679.png?lm=1412879577,https://www.transfermarkt.com/clube-atletico-paranaense/startseite/verein/679/saison_id/2010
75,EC Bahia - 2011,14,46,-6,43,23.4,1,20730000.0,482000.0,0.020580789277736412,https://tmssl.akamaized.net//images/wappen/tiny/10010.png?lm=1412879423,https://www.transfermarkt.com/ec-bahia/startseite/verein/10010/saison_id/2010
76,Atlético-GO - 2011,13,48,5,43,24.3,0,15600000.0,363000.0,0.01548771407297096,https://tmssl.akamaized.net//images/wappen/tiny/15172.png?lm=1443874060,https://www.transfermarkt.com/atletico-goianiense/startseite/verein/15172/saison_id/2010
77,Coritiba FC - 2011,8,57,16,43,23.7,1,14750000.0,343000.0,0.014643832216430876,https://tmssl.akamaized.net//images/wappen/tiny/776.png?lm=1412879464,https://www.transfermarkt.com/coritiba-fc/startseite/verein/776/saison_id/2010
78,Figueirense FC - 2011,7,58,1,46,23.3,2,14280000.0,310000.0,0.014177215189873417,https://tmssl.akamaized.net//images/wappen/tiny/4064.png?lm=1412879618,https://www.transfermarkt.com/figueirense-futebol-clube/startseite/verein/4064/saison_id/2010
79,América-MG - 2011,19,37,-18,43,24.7,0,5950000.0,138000.0,0.00590717299578059,https://tmssl.akamaized.net//images/wappen/tiny/2863.png?lm=1419949367,https://www.transfermarkt.com/america-futebol-clube-mg-/startseite/verein/2863/saison_id/2010
80,São Paulo - 2012,4,66,22,49,23.2,3,106900000.0,2180000.0,0.12039915303869893,https://tmssl.akamaized.net//images/wappen/tiny/585.png?lm=1409133922,https://www.transfermarkt.com/fc-sao-paulo/startseite/verein/585/saison_id/2011
81,Santos FC - 2012,8,53,6,52,22.7,6,103650000.0,1990000.0,0.11673874847952426,https://tmssl.akamaized.net//images/wappen/tiny/221.png?lm=1412879099,https://www.transfermarkt.com/fc-santos/startseite/verein/221/saison_id/2011
82,Atlético-MG - 2012,2,72,27,52,24.8,2,72700000.0,1400000.0,0.08188043429292247,https://tmssl.akamaized.net//images/wappen/tiny/330.png?lm=1411033853,https://www.transfermarkt.com/atletico-mineiro/startseite/verein/330/saison_id/2011
83,Internacional - 2012,10,52,4,58,23.4,5,71850000.0,1240000.0,0.08092309771590755,https://tmssl.akamaized.net//images/wappen/tiny/6600.png?lm=1412878908,https://www.transfermarkt.com/sc-internacional-porto-alegre/startseite/verein/6600/saison_id/2011
84,Flamengo - 2012,11,50,-7,57,23.8,6,67400000.0,1180000.0,0.07591115916565301,https://tmssl.akamaized.net//images/wappen/tiny/614.png?lm=1411205036,https://www.transfermarkt.com/flamengo-rio-de-janeiro/startseite/verein/614/saison_id/2011
85,Corinthians - 2012,6,57,12,44,24.1,6,61750000.0,1400000.0,0.06954768662431861,https://tmssl.akamaized.net//images/wappen/tiny/199.png?lm=1408636801,https://www.transfermarkt.com/corinthians-sao-paulo/startseite/verein/199/saison_id/2011
86,Grêmio - 2012,3,71,23,40,24.4,3,52800000.0,1320000.0,0.05946749560751453,https://tmssl.akamaized.net//images/wappen/tiny/210.png?lm=1412879265,https://www.transfermarkt.com/gremio-foot-ball-porto-alegrense/startseite/verein/210/saison_id/2011
87,Palmeiras - 2012,18,34,-15,56,23.8,3,51300000.0,916000.0,0.057778078118664686,https://tmssl.akamaized.net//images/wappen/tiny/1023.png?lm=1411204983,https://www.transfermarkt.com/se-palmeiras-sao-paulo/startseite/verein/1023/saison_id/2011
88,Vasco da Gama - 2012,5,58,1,58,24.0,3,46450000.0,801000.0,0.05231562823805019,https://tmssl.akamaized.net//images/wappen/tiny/978.png?lm=1465643911,https://www.transfermarkt.com/vasco-da-gama-rio-de-janeiro/startseite/verein/978/saison_id/2011
89,Cruzeiro - 2012,9,52,-4,42,24.4,4,45800000.0,1090000.0,0.05158354732621526,https://tmssl.akamaized.net//images/wappen/tiny/609.png?lm=1412879140,https://www.transfermarkt.com/ec-cruzeiro-belo-horizonte/startseite/verein/609/saison_id/2011
90,Fluminense - 2012,1,77,28,40,22.8,4,44200000.0,1110000.0,0.04978150200477542,https://tmssl.akamaized.net//images/wappen/tiny/2462.png?lm=1412879201,https://www.transfermarkt.com/fluminense-football-club/startseite/verein/2462/saison_id/2011
91,Botafogo - 2012,7,55,10,52,23.1,4,37050000.0,713000.0,0.041728611974591164,https://tmssl.akamaized.net//images/wappen/tiny/537.png?lm=1412879333,https://www.transfermarkt.com/botafogo-fr-rio-de-janeiro/startseite/verein/537/saison_id/2011
92,Coritiba FC - 2012,13,48,-7,55,23.3,3,24380000.0,443000.0,0.027458665585439475,https://tmssl.akamaized.net//images/wappen/tiny/776.png?lm=1412879464,https://www.transfermarkt.com/coritiba-fc/startseite/verein/776/saison_id/2011
93,Figueirense FC - 2012,20,30,-33,60,22.9,5,21950000.0,366000.0,0.024721809253502727,https://tmssl.akamaized.net//images/wappen/tiny/4064.png?lm=1412879618,https://www.transfermarkt.com/figueirense-futebol-clube/startseite/verein/4064/saison_id/2011
94,EC Bahia - 2012,15,47,-4,44,23.5,0,18300000.0,416000.0,0.020610893363968104,https://tmssl.akamaized.net//images/wappen/tiny/10010.png?lm=1412879423,https://www.transfermarkt.com/ec-bahia/startseite/verein/10010/saison_id/2011
95,Sport Recife - 2012,17,41,-17,45,24.1,1,15800000.0,351000.0,0.017795197549218364,https://tmssl.akamaized.net//images/wappen/tiny/8718.png?lm=1412879537,https://www.transfermarkt.com/sport-club-do-recife/startseite/verein/8718/saison_id/2011
96,Atlético-GO - 2012,19,30,-30,44,24.6,0,13850000.0,315000.0,0.015598954813713565,https://tmssl.akamaized.net//images/wappen/tiny/15172.png?lm=1443874060,https://www.transfermarkt.com/atletico-goianiense/startseite/verein/15172/saison_id/2011
97,Ponte Preta - 2012,14,48,-7,50,24.5,0,12500000.0,250000.0,0.014078479073748705,https://tmssl.akamaized.net//images/wappen/tiny/1134.png?lm=1419949200,https://www.transfermarkt.com/associacao-atletica-ponte-preta/startseite/verein/1134/saison_id/2011
98,Náutico - 2012,12,49,-7,45,24.0,2,10150000.0,226000.0,0.011431725007883949,https://tmssl.akamaized.net//images/wappen/tiny/2646.png?lm=1429043382,https://www.transfermarkt.com/clube-nautico-capibaribe/startseite/verein/2646/saison_id/2011
99,Portuguesa - 2012,16,45,-2,41,25.2,0,9100000.0,222000.0,0.010249132765689057,https://tmssl.akamaized.net//images/wappen/tiny/10247.png?lm=1499200306,https://www.transfermarkt.com/portuguesa-sao-paulo/startseite/verein/10247/saison_id/2011
100,São Paulo - 2013,9,50,-1,51,23.4,1,115800000.0,2270000.0,0.13182159688545864,https://tmssl.akamaized.net//images/wappen/tiny/585.png?lm=1409133922,https://www.transfermarkt.com/fc-sao-paulo/startseite/verein/585/saison_id/2012
101,Santos FC - 2013,7,57,13,55,22.8,5,103750000.0,1890000.0,0.11810440999021014,https://tmssl.akamaized.net//images/wappen/tiny/221.png?lm=1412879099,https://www.transfermarkt.com/fc-santos/startseite/verein/221/saison_id/2012
102,Corinthians - 2013,10,50,5,39,24.7,4,84550000.0,2170000.0,0.09624797941852788,https://tmssl.akamaized.net//images/wappen/tiny/199.png?lm=1408636801,https://www.transfermarkt.com/corinthians-sao-paulo/startseite/verein/199/saison_id/2012
103,Grêmio - 2013,2,65,7,52,24.1,6,77650000.0,1490000.0,0.08839332468182956,https://tmssl.akamaized.net//images/wappen/tiny/210.png?lm=1412879265,https://www.transfermarkt.com/gremio-foot-ball-porto-alegrense/startseite/verein/210/saison_id/2012
104,Fluminense - 2013,15,46,-4,48,23.4,7,68150000.0,1420000.0,0.07757894497188261,https://tmssl.akamaized.net//images/wappen/tiny/2462.png?lm=1412879201,https://www.transfermarkt.com/fluminense-football-club/startseite/verein/2462/saison_id/2012
105,Internacional - 2013,13,48,-1,49,24.1,5,62300000.0,1270000.0,0.07091956378207318,https://tmssl.akamaized.net//images/wappen/tiny/6600.png?lm=1412878908,https://www.transfermarkt.com/sc-internacional-porto-alegre/startseite/verein/6600/saison_id/2012
106,Cruzeiro - 2013,1,76,40,44,24.7,4,55250000.0,1260000.0,0.06289415568153359,https://tmssl.akamaized.net//images/wappen/tiny/609.png?lm=1412879140,https://www.transfermarkt.com/ec-cruzeiro-belo-horizonte/startseite/verein/609/saison_id/2012
107,Atlético-MG - 2013,8,57,11,43,24.8,1,46100000.0,1070000.0,0.05247820048721626,https://tmssl.akamaized.net//images/wappen/tiny/330.png?lm=1411033853,https://www.transfermarkt.com/atletico-mineiro/startseite/verein/330/saison_id/2012
108,Flamengo - 2013,16,45,-3,40,23.4,4,44450000.0,1110000.0,0.050599913484962324,https://tmssl.akamaized.net//images/wappen/tiny/614.png?lm=1411205036,https://www.transfermarkt.com/flamengo-rio-de-janeiro/startseite/verein/614/saison_id/2012
109,Botafogo - 2013,4,61,14,57,22.7,3,36000000.0,632000.0,0.04098080732190424,https://tmssl.akamaized.net//images/wappen/tiny/537.png?lm=1412879333,https://www.transfermarkt.com/botafogo-fr-rio-de-janeiro/startseite/verein/537/saison_id/2012
110,Coritiba FC - 2013,11,48,-3,67,23.9,5,31400000.0,469000.0,0.03574437083077203,https://tmssl.akamaized.net//images/wappen/tiny/776.png?lm=1412879464,https://www.transfermarkt.com/coritiba-fc/startseite/verein/776/saison_id/2012
111,Vasco da Gama - 2013,18,44,-11,49,24.5,5,27200000.0,555000.0,0.030963276643216537,https://tmssl.akamaized.net//images/wappen/tiny/978.png?lm=1465643911,https://www.transfermarkt.com/vasco-da-gama-rio-de-janeiro/startseite/verein/978/saison_id/2012
112,EC Bahia - 2013,12,48,-8,56,24.0,4,24050000.0,429000.0,0.027377456002549917,https://tmssl.akamaized.net//images/wappen/tiny/10010.png?lm=1412879423,https://www.transfermarkt.com/ec-bahia/startseite/verein/10010/saison_id/2012
113,EC Vitória - 2013,5,59,6,52,23.4,4,17880000.0,344000.0,0.020353800969879106,https://tmssl.akamaized.net//images/wappen/tiny/2125.png?lm=1412879373,https://www.transfermarkt.com/esporte-clube-vitoria/startseite/verein/2125/saison_id/2012
114,Portuguesa - 2013,17,44,4,47,23.8,2,16500000.0,351000.0,0.018782870022539443,https://tmssl.akamaized.net//images/wappen/tiny/10247.png?lm=1499200306,https://www.transfermarkt.com/portuguesa-sao-paulo/startseite/verein/10247/saison_id/2012
115,Atlético-PR - 2013,3,64,16,47,23.1,3,15850000.0,337000.0,0.018042938779227285,https://tmssl.akamaized.net//images/wappen/tiny/679.png?lm=1412879577,https://www.transfermarkt.com/clube-atletico-paranaense/startseite/verein/679/saison_id/2012
116,Criciúma EC - 2013,14,46,-14,44,24.4,1,15100000.0,343000.0,0.017189171960020944,https://tmssl.akamaized.net//images/wappen/tiny/7178.png?lm=1412878993,https://www.transfermarkt.com/criciuma-esporte-clube/startseite/verein/7178/saison_id/2012
117,Náutico - 2013,20,20,-57,42,24.2,3,14050000.0,335000.0,0.015993898413132073,https://tmssl.akamaized.net//images/wappen/tiny/2646.png?lm=1429043382,https://www.transfermarkt.com/clube-nautico-capibaribe/startseite/verein/2646/saison_id/2012
118,Ponte Preta - 2013,19,37,-18,55,23.1,3,13780000.0,250000.0,0.01568654235821779,https://tmssl.akamaized.net//images/wappen/tiny/1134.png?lm=1419949200,https://www.transfermarkt.com/associacao-atletica-ponte-preta/startseite/verein/1134/saison_id/2012
119,Goiás EC - 2013,6,59,4,38,24.1,0,8650000.0,228000.0,0.009846777314846436,https://tmssl.akamaized.net//images/wappen/tiny/3197.png?lm=1412879713,https://www.transfermarkt.com/goias-esporte-clube/startseite/verein/3197/saison_id/2012
120,São Paulo - 2014,2,70,19,37,24.8,3,93150000.0,2520000.0,0.17105867229822788,https://tmssl.akamaized.net//images/wappen/tiny/585.png?lm=1409133922,https://www.transfermarkt.com/fc-sao-paulo/startseite/verein/585/saison_id/2013
121,Corinthians - 2014,4,69,18,31,25.1,2,62850000.0,2030000.0,0.11541639886144522,https://tmssl.akamaized.net//images/wappen/tiny/199.png?lm=1408636801,https://www.transfermarkt.com/corinthians-sao-paulo/startseite/verein/199/saison_id/2013
122,Atlético-MG - 2014,5,62,13,35,25.9,2,50950000.0,1460000.0,0.09356349279221375,https://tmssl.akamaized.net//images/wappen/tiny/330.png?lm=1411033853,https://www.transfermarkt.com/atletico-mineiro/startseite/verein/330/saison_id/2013
123,Santos FC - 2014,9,53,7,26,22.0,2,42350000.0,1630000.0,0.07777063630520613,https://tmssl.akamaized.net//images/wappen/tiny/221.png?lm=1412879099,https://www.transfermarkt.com/fc-santos/startseite/verein/221/saison_id/2013
124,Cruzeiro - 2014,1,80,29,32,25.7,4,41950000.0,1310000.0,0.07703608484069416,https://tmssl.akamaized.net//images/wappen/tiny/609.png?lm=1412879140,https://www.transfermarkt.com/ec-cruzeiro-belo-horizonte/startseite/verein/609/saison_id/2013
125,Fluminense - 2014,6,61,19,23,24.4,2,39150000.0,1700000.0,0.07189422458911028,https://tmssl.akamaized.net//images/wappen/tiny/2462.png?lm=1412879201,https://www.transfermarkt.com/fluminense-football-club/startseite/verein/2462/saison_id/2013
126,Grêmio - 2014,7,61,12,31,22.9,4,30100000.0,971000.0,0.05527499770452667,https://tmssl.akamaized.net//images/wappen/tiny/210.png?lm=1412879265,https://www.transfermarkt.com/gremio-foot-ball-porto-alegrense/startseite/verein/210/saison_id/2013
127,Flamengo - 2014,10,52,-1,32,24.4,3,29100000.0,909000.0,0.05343861904324672,https://tmssl.akamaized.net//images/wappen/tiny/614.png?lm=1411205036,https://www.transfermarkt.com/flamengo-rio-de-janeiro/startseite/verein/614/saison_id/2013
128,Botafogo - 2014,19,34,-17,31,25.6,5,23450000.0,756000.0,0.04306307960701496,https://tmssl.akamaized.net//images/wappen/tiny/537.png?lm=1412879333,https://www.transfermarkt.com/botafogo-fr-rio-de-janeiro/startseite/verein/537/saison_id/2013
129,Palmeiras - 2014,16,40,-25,24,25.0,2,20100000.0,838000.0,0.03691121109172711,https://tmssl.akamaized.net//images/wappen/tiny/1023.png?lm=1411204983,https://www.transfermarkt.com/se-palmeiras-sao-paulo/startseite/verein/1023/saison_id/2013
130,Internacional - 2014,3,69,12,20,26.0,2,19750000.0,988000.0,0.03626847856027913,https://tmssl.akamaized.net//images/wappen/tiny/6600.png?lm=1412878908,https://www.transfermarkt.com/sc-internacional-porto-alegre/startseite/verein/6600/saison_id/2013
131,Coritiba FC - 2014,14,47,-3,39,24.7,4,17600000.0,451000.0,0.03232026443852722,https://tmssl.akamaized.net//images/wappen/tiny/776.png?lm=1412879464,https://www.transfermarkt.com/coritiba-fc/startseite/verein/776/saison_id/2013
132,EC Bahia - 2014,18,37,-12,44,24.4,6,16750000.0,381000.0,0.030759342576439263,https://tmssl.akamaized.net//images/wappen/tiny/10010.png?lm=1412879423,https://www.transfermarkt.com/ec-bahia/startseite/verein/10010/saison_id/2013
133,Criciúma EC - 2014,20,32,-28,41,25.9,1,13850000.0,338000.0,0.02543384445872739,https://tmssl.akamaized.net//images/wappen/tiny/7178.png?lm=1412878993,https://www.transfermarkt.com/criciuma-esporte-clube/startseite/verein/7178/saison_id/2013
134,EC Vitória - 2014,17,38,-17,40,24.6,2,12550000.0,314000.0,0.023046552199063448,https://tmssl.akamaized.net//images/wappen/tiny/2125.png?lm=1412879373,https://www.transfermarkt.com/esporte-clube-vitoria/startseite/verein/2125/saison_id/2013
135,Atlético-PR - 2014,8,54,1,30,21.9,3,9050000.0,302000.0,0.0166192268845836,https://tmssl.akamaized.net//images/wappen/tiny/679.png?lm=1412879577,https://www.transfermarkt.com/clube-atletico-paranaense/startseite/verein/679/saison_id/2013
136,Sport Recife - 2014,11,52,-10,45,25.8,1,8300000.0,184000.0,0.015241942888623634,https://tmssl.akamaized.net//images/wappen/tiny/8718.png?lm=1412879537,https://www.transfermarkt.com/sport-club-do-recife/startseite/verein/8718/saison_id/2013
137,Figueirense FC - 2014,13,47,-10,28,24.5,0,4900000.0,175000.0,0.008998255440271784,https://tmssl.akamaized.net//images/wappen/tiny/4064.png?lm=1412879618,https://www.transfermarkt.com/figueirense-futebol-clube/startseite/verein/4064/saison_id/2013
138,Chapecoense - 2014,15,43,-5,30,25.8,0,4400000.0,147000.0,0.008080066109631806,https://tmssl.akamaized.net//images/wappen/tiny/17776_1522146470.png?lm=1522146471,https://www.transfermarkt.com/associacao-chapecoense-de-futebol/startseite/verein/17776/saison_id/2013
139,Goiás EC - 2014,12,47,-2,23,23.5,0,4250000.0,185000.0,0.007804609310439812,https://tmssl.akamaized.net//images/wappen/tiny/3197.png?lm=1412879713,https://www.transfermarkt.com/goias-esporte-clube/startseite/verein/3197/saison_id/2013
140,São Paulo - 2015,4,62,6,42,24.7,3,88800000.0,2110000.0,0.14188476656121177,https://tmssl.akamaized.net//images/wappen/tiny/585.png?lm=1409133922,https://www.transfermarkt.com/fc-sao-paulo/startseite/verein/585/saison_id/2014
141,Palmeiras - 2015,9,53,9,41,25.3,5,59150000.0,1440000.0,0.09450995430287924,https://tmssl.akamaized.net//images/wappen/tiny/1023.png?lm=1411204983,https://www.transfermarkt.com/se-palmeiras-sao-paulo/startseite/verein/1023/saison_id/2014
142,Cruzeiro - 2015,8,55,9,40,24.4,5,58650000.0,1470000.0,0.0937110535902598,https://tmssl.akamaized.net//images/wappen/tiny/609.png?lm=1412879140,https://www.transfermarkt.com/ec-cruzeiro-belo-horizonte/startseite/verein/609/saison_id/2014
143,Internacional - 2015,5,60,1,47,24.2,5,55500000.0,1180000.0,0.08867797910075736,https://tmssl.akamaized.net//images/wappen/tiny/6600.png?lm=1412878908,https://www.transfermarkt.com/sc-internacional-porto-alegre/startseite/verein/6600/saison_id/2014
144,Atlético-MG - 2015,2,69,18,40,25.3,3,53780000.0,1340000.0,0.0859297606493465,https://tmssl.akamaized.net//images/wappen/tiny/330.png?lm=1411033853,https://www.transfermarkt.com/atletico-mineiro/startseite/verein/330/saison_id/2014
145,Corinthians - 2015,1,81,40,36,24.8,4,52850000.0,1470000.0,0.08444380532387435,https://tmssl.akamaized.net//images/wappen/tiny/199.png?lm=1408636801,https://www.transfermarkt.com/corinthians-sao-paulo/startseite/verein/199/saison_id/2014
146,Fluminense - 2015,13,47,-9,50,24.4,3,52350000.0,1050000.0,0.08364490461125491,https://tmssl.akamaized.net//images/wappen/tiny/2462.png?lm=1412879201,https://www.transfermarkt.com/fluminense-football-club/startseite/verein/2462/saison_id/2014
147,Flamengo - 2015,12,49,-8,36,24.3,8,34450000.0,957000.0,0.05504425909947912,https://tmssl.akamaized.net//images/wappen/tiny/614.png?lm=1411205036,https://www.transfermarkt.com/flamengo-rio-de-janeiro/startseite/verein/614/saison_id/2014
148,Grêmio - 2015,3,68,20,40,22.3,3,31350000.0,784000.0,0.05009107468123861,https://tmssl.akamaized.net//images/wappen/tiny/210.png?lm=1412879265,https://www.transfermarkt.com/gremio-foot-ball-porto-alegrense/startseite/verein/210/saison_id/2014
149,Santos FC - 2015,7,58,18,37,23.5,1,25030000.0,676000.0,0.03999296967372895,https://tmssl.akamaized.net//images/wappen/tiny/221.png?lm=1412879099,https://www.transfermarkt.com/fc-santos/startseite/verein/221/saison_id/2014
150,Sport Recife - 2015,6,59,15,46,23.6,0,20850000.0,453000.0,0.03331415971623047,https://tmssl.akamaized.net//images/wappen/tiny/8718.png?lm=1412879537,https://www.transfermarkt.com/sport-club-do-recife/startseite/verein/8718/saison_id/2014
151,Vasco da Gama - 2015,18,41,-26,40,24.3,6,17400000.0,435000.0,0.027801744799156362,https://tmssl.akamaized.net//images/wappen/tiny/978.png?lm=1465643911,https://www.transfermarkt.com/vasco-da-gama-rio-de-janeiro/startseite/verein/978/saison_id/2014
152,Coritiba FC - 2015,15,44,-11,44,24.1,1,15850000.0,360000.0,0.02532515259003611,https://tmssl.akamaized.net//images/wappen/tiny/776.png?lm=1412879464,https://www.transfermarkt.com/coritiba-fc/startseite/verein/776/saison_id/2014
153,Atlético-PR - 2015,10,51,-5,41,22.5,1,12500000.0,305000.0,0.019972517815485893,https://tmssl.akamaized.net//images/wappen/tiny/679.png?lm=1412879577,https://www.transfermarkt.com/clube-atletico-paranaense/startseite/verein/679/saison_id/2014
154,Figueirense FC - 2015,16,43,-14,45,23.2,1,11400000.0,253000.0,0.018214936247723135,https://tmssl.akamaized.net//images/wappen/tiny/4064.png?lm=1412879618,https://www.transfermarkt.com/figueirense-futebol-clube/startseite/verein/4064/saison_id/2014
155,Avaí FC - 2015,17,42,-22,42,24.3,1,9650000.0,230000.0,0.015418783753555107,https://tmssl.akamaized.net//images/wappen/tiny/2035.png?lm=1419949249,https://www.transfermarkt.com/avai-futebol-clube-sc-/startseite/verein/2035/saison_id/2014
156,Ponte Preta - 2015,11,51,1,42,23.3,0,7700000.0,183000.0,0.01230307097433931,https://tmssl.akamaized.net//images/wappen/tiny/1134.png?lm=1419949200,https://www.transfermarkt.com/associacao-atletica-ponte-preta/startseite/verein/1134/saison_id/2014
157,Goiás EC - 2015,19,38,-10,56,23.0,0,7250000.0,129000.0,0.011584060332981818,https://tmssl.akamaized.net//images/wappen/tiny/3197.png?lm=1412879713,https://www.transfermarkt.com/goias-esporte-clube/startseite/verein/3197/saison_id/2014
158,Chapecoense - 2015,14,47,-10,36,26.5,0,6750000.0,188000.0,0.010785159620362382,https://tmssl.akamaized.net//images/wappen/tiny/17776_1522146470.png?lm=1522146471,https://www.transfermarkt.com/associacao-chapecoense-de-futebol/startseite/verein/17776/saison_id/2014
159,Joinville - 2015,20,31,-22,38,24.6,1,4600000.0,121000.0,0.007349886556098808,https://tmssl.akamaized.net//images/wappen/tiny/3330.png?lm=1419949314,https://www.transfermarkt.com/joinville-esporte-clube-sc-/startseite/verein/3330/saison_id/2014
160,Palmeiras - 2016,1,80,30,38,25.9,4,70100000.0,1840000.0,0.08689292708927288,https://tmssl.akamaized.net//images/wappen/tiny/1023.png?lm=1411204983,https://www.transfermarkt.com/se-palmeiras-sao-paulo/startseite/verein/1023/saison_id/2015
161,São Paulo - 2016,10,52,8,37,23.3,5,62950000.0,1700000.0,0.07803009643751395,https://tmssl.akamaized.net//images/wappen/tiny/585.png?lm=1409133922,https://www.transfermarkt.com/fc-sao-paulo/startseite/verein/585/saison_id/2015
162,Atlético-MG - 2016,4,62,11,39,24.3,4,62550000.0,1600000.0,0.07753427374370925,https://tmssl.akamaized.net//images/wappen/tiny/330.png?lm=1411033853,https://www.transfermarkt.com/atletico-mineiro/startseite/verein/330/saison_id/2015
163,Flamengo - 2016,3,71,17,32,24.6,6,55550000.0,1740000.0,0.06885737660212708,https://tmssl.akamaized.net//images/wappen/tiny/614.png?lm=1411205036,https://www.transfermarkt.com/flamengo-rio-de-janeiro/startseite/verein/614/saison_id/2015
164,Cruzeiro - 2016,12,51,-1,30,23.6,7,54850000.0,1830000.0,0.06798968688796886,https://tmssl.akamaized.net//images/wappen/tiny/609.png?lm=1412879140,https://www.transfermarkt.com/ec-cruzeiro-belo-horizonte/startseite/verein/609/saison_id/2015
165,Grêmio - 2016,8,53,-3,37,23.9,1,54530000.0,1470000.0,0.06759302873292511,https://tmssl.akamaized.net//images/wappen/tiny/210.png?lm=1412879265,https://www.transfermarkt.com/gremio-foot-ball-porto-alegrense/startseite/verein/210/saison_id/2015
166,Fluminense - 2016,13,50,0,30,24.7,0,53850000.0,1800000.0,0.06675013015345713,https://tmssl.akamaized.net//images/wappen/tiny/2462.png?lm=1412879201,https://www.transfermarkt.com/fluminense-football-club/startseite/verein/2462/saison_id/2015
167,Corinthians - 2016,7,55,6,33,24.6,2,48200000.0,1460000.0,0.0597466346034658,https://tmssl.akamaized.net//images/wappen/tiny/199.png?lm=1408636801,https://www.transfermarkt.com/corinthians-sao-paulo/startseite/verein/199/saison_id/2015
168,Internacional - 2016,17,43,-6,33,23.8,1,43600000.0,1320000.0,0.054044673624711805,https://tmssl.akamaized.net//images/wappen/tiny/6600.png?lm=1412878908,https://www.transfermarkt.com/sc-internacional-porto-alegre/startseite/verein/6600/saison_id/2015
169,Sport Recife - 2016,14,47,-6,40,25.6,4,42500000.0,1060000.0,0.052681161216748894,https://tmssl.akamaized.net//images/wappen/tiny/8718.png?lm=1412879537,https://www.transfermarkt.com/sport-club-do-recife/startseite/verein/8718/saison_id/2015
170,Atlético-PR - 2016,6,57,6,43,23.5,4,40730000.0,947000.0,0.050487145796663115,https://tmssl.akamaized.net//images/wappen/tiny/679.png?lm=1412879577,https://www.transfermarkt.com/clube-atletico-paranaense/startseite/verein/679/saison_id/2015
171,Santos FC - 2016,2,71,24,34,22.8,3,36000000.0,1060000.0,0.04462404244242259,https://tmssl.akamaized.net//images/wappen/tiny/221.png?lm=1412879099,https://www.transfermarkt.com/fc-santos/startseite/verein/221/saison_id/2015
172,Chapecoense - 2016,11,52,-4,51,26.3,0,35200000.0,690000.0,0.0436323970548132,https://tmssl.akamaized.net//images/wappen/tiny/17776_1522146470.png?lm=1522146471,https://www.transfermarkt.com/associacao-chapecoense-de-futebol/startseite/verein/17776/saison_id/2015
173,América-MG - 2016,20,28,-35,31,24.7,1,30150000.0,973000.0,0.03737263554552892,https://tmssl.akamaized.net//images/wappen/tiny/2863.png?lm=1419949367,https://www.transfermarkt.com/america-futebol-clube-mg-/startseite/verein/2863/saison_id/2015
174,Ponte Preta - 2016,9,53,-4,43,24.7,0,28150000.0,655000.0,0.034893522076505444,https://tmssl.akamaized.net//images/wappen/tiny/1134.png?lm=1419949200,https://www.transfermarkt.com/associacao-atletica-ponte-preta/startseite/verein/1134/saison_id/2015
175,EC Vitória - 2016,16,45,-2,30,23.2,0,23450000.0,782000.0,0.029067605424300272,https://tmssl.akamaized.net//images/wappen/tiny/2125.png?lm=1412879373,https://www.transfermarkt.com/esporte-clube-vitoria/startseite/verein/2125/saison_id/2015
176,Figueirense FC - 2016,18,37,-20,32,24.7,2,20950000.0,655000.0,0.025968713588020925,https://tmssl.akamaized.net//images/wappen/tiny/4064.png?lm=1412879618,https://www.transfermarkt.com/figueirense-futebol-clube/startseite/verein/4064/saison_id/2015
177,Coritiba FC - 2016,15,46,-1,33,25.1,5,19600000.0,594000.0,0.024295311996430077,https://tmssl.akamaized.net//images/wappen/tiny/776.png?lm=1412879464,https://www.transfermarkt.com/coritiba-fc/startseite/verein/776/saison_id/2015
178,Botafogo - 2016,5,59,4,38,23.9,4,13180000.0,347000.0,0.016337357760864715,https://tmssl.akamaized.net//images/wappen/tiny/537.png?lm=1412879333,https://www.transfermarkt.com/botafogo-fr-rio-de-janeiro/startseite/verein/537/saison_id/2015
179,Santa Cruz - 2016,19,31,-24,29,26.2,1,10650000.0,367000.0,0.013201279222550016,https://tmssl.akamaized.net//images/wappen/tiny/1785.png?lm=1419586875,https://www.transfermarkt.com/santa-cruz-futebol-clube-pe-/startseite/verein/1785/saison_id/2015
180,São Paulo - 2017,13,50,-1,52,23.8,7,92050000.0,1770000.0,0.09765231320878817,https://tmssl.akamaized.net//images/wappen/tiny/585.png?lm=1409133922,https://www.transfermarkt.com/fc-sao-paulo/startseite/verein/585/saison_id/2016
181,Flamengo - 2017,6,56,11,45,24.3,7,84080000.0,1870000.0,0.0891972460032038,https://tmssl.akamaized.net//images/wappen/tiny/614.png?lm=1411205036,https://www.transfermarkt.com/flamengo-rio-de-janeiro/startseite/verein/614/saison_id/2016
182,Atlético-MG - 2017,9,54,3,47,24.4,3,78100000.0,1660000.0,0.08285329344493597,https://tmssl.akamaized.net//images/wappen/tiny/330.png?lm=1411033853,https://www.transfermarkt.com/atletico-mineiro/startseite/verein/330/saison_id/2016
183,Cruzeiro - 2017,5,57,8,45,24.0,6,74930000.0,1670000.0,0.07949036207207494,https://tmssl.akamaized.net//images/wappen/tiny/609.png?lm=1412879140,https://www.transfermarkt.com/ec-cruzeiro-belo-horizonte/startseite/verein/609/saison_id/2016
184,Palmeiras - 2017,2,63,16,44,25.2,3,67550000.0,1540000.0,0.07166120322926281,https://tmssl.akamaized.net//images/wappen/tiny/1023.png?lm=1411204983,https://www.transfermarkt.com/se-palmeiras-sao-paulo/startseite/verein/1023/saison_id/2016
185,Grêmio - 2017,4,62,19,62,23.0,7,59450000.0,959000.0,0.06306822401154218,https://tmssl.akamaized.net//images/wappen/tiny/210.png?lm=1412879265,https://www.transfermarkt.com/gremio-foot-ball-porto-alegrense/startseite/verein/210/saison_id/2016
186,Santos FC - 2017,3,63,10,46,23.6,4,54350000.0,1180000.0,0.057657829689273625,https://tmssl.akamaized.net//images/wappen/tiny/221.png?lm=1412879099,https://www.transfermarkt.com/fc-santos/startseite/verein/221/saison_id/2016
187,Corinthians - 2017,1,72,20,41,23.4,3,49500000.0,1210000.0,0.052512650774959424,https://tmssl.akamaized.net//images/wappen/tiny/199.png?lm=1408636801,https://www.transfermarkt.com/corinthians-sao-paulo/startseite/verein/199/saison_id/2016
188,Atlético-PR - 2017,11,51,2,51,23.5,4,43680000.0,856000.0,0.046338436077782375,https://tmssl.akamaized.net//images/wappen/tiny/679.png?lm=1412879577,https://www.transfermarkt.com/clube-atletico-paranaense/startseite/verein/679/saison_id/2016
189,Sport Recife - 2017,15,45,-12,41,24.0,3,42900000.0,1050000.0,0.045510964004964835,https://tmssl.akamaized.net//images/wappen/tiny/8718.png?lm=1412879537,https://www.transfermarkt.com/sport-club-do-recife/startseite/verein/8718/saison_id/2016
190,EC Vitória - 2017,16,43,-8,44,24.6,4,38750000.0,881000.0,0.04110838823292278,https://tmssl.akamaized.net//images/wappen/tiny/2125.png?lm=1412879373,https://www.transfermarkt.com/esporte-clube-vitoria/startseite/verein/2125/saison_id/2016
191,Chapecoense - 2017,8,54,-2,50,24.0,5,36930000.0,739000.0,0.03917762006301518,https://tmssl.akamaized.net//images/wappen/tiny/17776_1522146470.png?lm=1522146471,https://www.transfermarkt.com/associacao-chapecoense-de-futebol/startseite/verein/17776/saison_id/2016
192,Fluminense - 2017,14,47,-3,48,22.6,2,36550000.0,761000.0,0.03877449264292458,https://tmssl.akamaized.net//images/wappen/tiny/2462.png?lm=1412879201,https://www.transfermarkt.com/fluminense-football-club/startseite/verein/2462/saison_id/2016
193,Vasco da Gama - 2017,7,56,-7,44,24.5,5,35850000.0,815000.0,0.03803188950065243,https://tmssl.akamaized.net//images/wappen/tiny/978.png?lm=1465643911,https://www.transfermarkt.com/vasco-da-gama-rio-de-janeiro/startseite/verein/978/saison_id/2016
194,EC Bahia - 2017,12,50,2,43,23.4,3,34250000.0,797000.0,0.03633451088974465,https://tmssl.akamaized.net//images/wappen/tiny/10010.png?lm=1412879423,https://www.transfermarkt.com/ec-bahia/startseite/verein/10010/saison_id/2016
195,Ponte Preta - 2017,19,39,-15,50,24.6,4,33550000.0,671000.0,0.0355919077474725,https://tmssl.akamaized.net//images/wappen/tiny/1134.png?lm=1419949200,https://www.transfermarkt.com/associacao-atletica-ponte-preta/startseite/verein/1134/saison_id/2016
196,Botafogo - 2017,10,53,3,51,23.5,5,30200000.0,592000.0,0.032038021280884336,https://tmssl.akamaized.net//images/wappen/tiny/537.png?lm=1412879333,https://www.transfermarkt.com/botafogo-fr-rio-de-janeiro/startseite/verein/537/saison_id/2016
197,Coritiba FC - 2017,17,43,-9,46,24.7,2,30080000.0,654000.0,0.03191071788506625,https://tmssl.akamaized.net//images/wappen/tiny/776.png?lm=1412879464,https://www.transfermarkt.com/coritiba-fc/startseite/verein/776/saison_id/2016
198,Atlético-GO - 2017,20,36,-18,43,23.5,0,14900000.0,347000.0,0.015806838314078694,https://tmssl.akamaized.net//images/wappen/tiny/15172.png?lm=1443874060,https://www.transfermarkt.com/atletico-goianiense/startseite/verein/15172/saison_id/2016
199,Avaí FC - 2017,18,43,-19,22,23.0,2,4980000.0,226000.0,0.005283090926450463,https://tmssl.akamaized.net//images/wappen/tiny/2035.png?lm=1419949249,https://www.transfermarkt.com/avai-futebol-clube-sc-/startseite/verein/2035/saison_id/2016
